{"cameraMode":{"drawMode":0,"name":"Shaded","section":"Shading Mode"},"sceneLighting":true,"audioPlay":false,"sceneViewState":{"m_AlwaysRefresh":false,"showFog":true,"showSkybox":true,"showFlares":true,"showImageEffects":true,"showParticleSystems":true,"showVisualEffectGraphs":true,"m_FxEnabled":true},"in2DMode":false,"pivot":{"x":862.4056396484375,"y":657.156982421875,"z":-7.51751708984375},"rotation":{"x":0.07224269211292267,"y":-0.010791021399199963,"z":0.0007888527470640838,"w":0.9973366260528565},"size":540.5269775390625,"orthographic":false}