{"cameraMode":{"drawMode":0,"name":"Shaded","section":"Shading Mode"},"sceneLighting":true,"audioPlay":false,"sceneViewState":{"m_AlwaysRefresh":false,"showFog":true,"showSkybox":true,"showFlares":true,"showImageEffects":true,"showParticleSystems":true,"showVisualEffectGraphs":true,"m_FxEnabled":true},"in2DMode":false,"pivot":{"x":0.40522730350494387,"y":-3.6881103515625,"z":-15.158824920654297},"rotation":{"x":-0.0024240289349108936,"y":-0.9918558597564697,"z":0.12595142424106599,"w":-0.01905437558889389},"size":9.031366348266602,"orthographic":false}