{"cameraMode":{"drawMode":0,"name":"Shaded","section":"Shading Mode"},"sceneLighting":false,"audioPlay":false,"sceneViewState":{"m_AlwaysRefresh":false,"showFog":true,"showSkybox":false,"showFlares":true,"showImageEffects":true,"showParticleSystems":true,"showVisualEffectGraphs":true,"m_FxEnabled":true},"in2DMode":false,"pivot":{"x":-2.9204320907592775,"y":1.107775092124939,"z":-3.7303693294525148},"rotation":{"x":0.009065438061952591,"y":-0.9825867414474487,"z":-0.04985181987285614,"w":-0.17882490158081056},"size":1.734449863433838,"orthographic":false}